{"cameraMode":{"drawMode":0,"name":"Shaded","section":"Shading Mode"},"sceneLighting":true,"audioPlay":false,"sceneViewState":{"m_AlwaysRefresh":false,"showFog":true,"showSkybox":true,"showFlares":true,"showImageEffects":true,"showParticleSystems":true,"showVisualEffectGraphs":true,"m_FxEnabled":true},"in2DMode":false,"pivot":{"x":8.250479698181153,"y":1.875875473022461,"z":4.043278694152832},"rotation":{"x":0.005569756031036377,"y":0.9896807074546814,"z":-0.13744962215423585,"w":0.04010399803519249},"size":14.254767417907715,"orthographic":true}